Image,Cell,Membrane_Mean,SD,Background,Signal,CV,Z_plane,Perimeter_um,Area_um2,Condition,Time_min
1-1,1,88.26851654052734,43.98467254638672,41.0,47.268516540527344,0.9305278812520993,8,59.02535962301587,243.044650264518,No ligand (0 min),0
1-1,2,88.30421447753906,38.288631439208984,41.0,47.30421447753906,0.8094126889558467,8,48.52756076388889,176.70268035373513,No ligand (0 min),0
1-1,3,85.13306427001953,39.01248550415039,41.0,44.13306427001953,0.8839740940139601,10,48.72563244047619,176.78114513186733,No ligand (0 min),0
1-2,1,62.395233154296875,23.80485725402832,37.0,25.395233154296875,0.9373750226821814,17,80.41710069444444,473.731097973213,No ligand (0 min),0
1-2,2,70.36607360839844,24.717796325683594,38.0,32.36607360839844,0.7636946212490153,12,58.43114459325397,248.41948756657433,No ligand (0 min),0
1-2,3,78.24677276611328,31.691423416137695,39.0,39.24677276611328,0.8074911943715516,8,48.72563244047619,167.01228025440727,No ligand (0 min),0
1-2,4,92.34315490722656,43.73019790649414,38.33333206176758,54.009822845458984,0.8096711968787891,10,46.34877232142858,151.35855701703156,No ligand (0 min),0
1-2,5,76.07266998291016,34.99716567993164,38.33333206176758,37.73933792114258,0.9273391534599578,11,53.677424355158735,178.82122936330478,No ligand (0 min),0
2-1,1,90.1456298828125,56.10852813720703,37.66666793823242,52.47896194458008,1.0691623092023033,8,54.073567708333336,215.5427455291787,2 min,2
2-1,2,123.98335266113281,123.8475570678711,38.0,85.98335266113281,1.440366690002937,5,123.7947978670635,459.48974074221707,2 min,2
2-1,3,99.06678771972656,63.52830505371094,38.0,61.06678771972656,1.040308610062835,5,48.32948908730159,157.0864858206828,2 min,2
2-1,4,107.44853973388672,66.16881561279297,38.0,69.44853973388672,0.9527747576311754,6,56.84657118055556,91.13683980056099,2 min,2
2-1,5,108.53121185302734,58.76242446899414,38.0,70.53121185302734,0.8331407177781526,6,82.79396081349206,230.1371942617696,2 min,2
2-1,6,118.51781463623047,60.47797775268555,38.0,80.51781463623047,0.7511130055617825,6,38.62397693452381,106.43747153634177,2 min,2
2-1,7,144.586669921875,196.28561401367188,37.66666793823242,106.92000198364258,1.8358175306029374,8,70.11737351190476,247.59560739618613,2 min,2
2-1,8,135.83399963378906,98.43730163574219,38.0,97.83399963378906,1.0061665883456814,6,43.971912202380956,143.23745248034788,2 min,2
2-1,9,139.46534729003906,81.44715881347656,38.0,101.46534729003906,0.802709111916402,7,37.83169022817461,100.23875406389726,2 min,2
2-1,10,92.89717102050781,49.104557037353516,37.66666793823242,55.23050308227539,0.8890840078752095,8,48.72563244047619,68.93130758914579,2 min,2
2-2,1,65.4913101196289,35.892730712890625,36.66666793823242,28.824642181396484,1.2452099313848866,12,54.46971106150794,217.85745648407885,2 min,2
2-2,2,121.11201477050781,75.96353912353516,37.33333206176758,83.77868270874023,0.9067168003539191,15,57.83692956349206,167.32613936693613,2 min,2
2-2,3,166.50833129882812,126.39216613769531,37.33333206176758,129.17499923706055,0.9784568754340907,5,50.112134176587304,166.77688592001067,2 min,2
2-2,4,132.718505859375,105.55851745605469,37.66666793823242,95.05183792114258,1.1105363111824174,6,57.04464285714286,232.37344043853756,2 min,2
2-2,5,119.2372817993164,123.13111114501953,38.0,81.2372817993164,1.5156970841195188,8,60.80800471230159,88.90059362379303,2 min,2
2-2,6,143.68231201171875,77.32000732421875,37.33333206176758,106.34897994995117,0.7270404225842718,5,34.26640004960318,69.9121173157984,2 min,2
2-2,7,151.97293090820312,130.9391632080078,37.66666793823242,114.3062629699707,1.145511713933004,6,50.90442088293651,119.85494859694955,2 min,2
2-2,8,99.39799499511719,77.87731170654297,36.66666793823242,62.731327056884766,1.2414421208708661,11,61.7983630952381,244.92780493969101,2 min,2
2-2,9,108.86190795898438,64.64495086669922,37.66666793823242,71.19524002075195,0.9079954059829919,6,65.16558159722223,156.30183803936072,2 min,2
2-2,10,155.34613037109375,112.68067169189453,38.0,117.34613037109375,0.9602419043180611,8,61.402219742063494,179.84127147902348,2 min,2
2-2,11,144.62376403808594,72.91120147705078,38.0,106.62376403808594,0.6838175535709557,7,34.06832837301587,88.11594584247094,2 min,2
2-2,12,136.85922241210938,135.25596618652344,37.66666793823242,99.19255447387695,1.363569744764906,6,81.20938740079366,282.39473649782093,2 min,2
2-2,13,116.34992218017578,71.835205078125,38.0,78.34992218017578,0.9168510073683374,7,48.52756076388889,100.90570467802104,2 min,2
2-2,14,100.68404388427734,54.73463439941406,38.0,62.684043884277344,0.8731828868676869,8,31.295324900793652,71.5598776565748,2 min,2
2-3,1,103.25062561035156,58.810401916503906,37.33333206176758,65.91729354858398,0.8921847174013299,13,86.7553943452381,357.60322633754345,2 min,2
2-3,2,106.59477996826172,61.95890426635742,37.0,69.59477996826172,0.8902809132324782,9,69.91930183531747,326.8842656987835,2 min,2
2-3,3,117.79751586914062,68.883056640625,37.0,80.79751586914062,0.8525392878685498,6,71.10773189484128,217.4259002043517,2 min,2
2-3,4,101.90866088867188,67.38728332519531,36.66666793823242,65.24199295043945,1.0328820484742933,4,35.256758432539684,96.393979935419,2 min,2
2-3,5,106.63002014160156,58.22807693481445,37.0,69.63002014160156,0.8362496063680608,9,41.39698040674603,92.66690297413906,2 min,2
2-3,6,158.8372344970703,135.28147888183594,36.66666793823242,122.17056655883789,1.1073164567562497,5,34.46447172619048,83.60422109986891,2 min,2
2-3,7,125.01597595214844,92.87940979003906,37.0,88.01597595214844,1.0552562621192172,10,61.2041480654762,177.48732813505723,2 min,2
2-3,8,134.71043395996094,88.44219970703125,37.0,97.71043395996094,0.9051459104487495,7,42.18926711309524,116.71635747166118,2 min,2
2-3,9,123.22377014160156,67.21538543701172,36.66666793823242,86.55710220336914,0.7765438505448884,5,33.07796999007937,81.13258058870431,2 min,2
2-3,10,152.5686492919922,152.71946716308594,36.66666793823242,115.90198135375977,1.317660538493735,4,34.46447172619048,87.44899522834716,2 min,2
2-3,11,147.0668487548828,69.40104675292969,37.0,110.06684875488281,0.6305354204105975,6,32.48375496031746,80.03407369485339,2 min,2
2-4,1,107.42522430419922,64.66847229003906,39.0,68.42522430419922,0.9450969718789858,9,52.885137648809526,198.16279717289433,2 min,2
2-4,2,135.83831787109375,125.44964599609375,38.66666793823242,97.17164993286133,1.2910107637646422,4,49.1217757936508,159.95045022250847,2 min,2
2-4,3,138.10081481933594,86.24186706542969,39.0,99.10081481933594,0.8702437737030867,5,65.75979662698413,177.5265605241233,2 min,2
2-4,4,96.69673156738281,54.17844009399414,39.0,57.69673156738281,0.9390209570315134,9,45.75455729166667,151.55471896236207,2 min,2
2-4,5,155.94935607910156,102.44805908203125,39.0,116.94935607910156,0.8760036182904504,5,39.41626364087302,99.92489495136842,2 min,2
2-4,6,99.89949035644531,61.13456344604492,38.66666793823242,61.23282241821289,0.9983953218504796,4,44.16998387896825,79.44558785886181,2 min,2
2-4,7,144.0094451904297,149.12249755859375,39.33333206176758,104.67611312866211,1.4246086628694419,6,56.450427827380956,100.31721884202946,2 min,2
2-4,8,163.5664520263672,133.30149841308594,39.33333206176758,124.23311996459961,1.0729948539573857,7,36.445188492063494,89.01829079099134,2 min,2
2-4,9,112.72187805175781,46.87294387817383,39.0,73.72187805175781,0.6358077834813949,5,8.120938740079366,5.021745800461389,2 min,2
2-4,10,96.45953369140625,68.0955810546875,39.0,57.45953369140625,1.1851050066017503,5,40.60469370039683,104.9466407518298,2 min,2
2-4,11,110.58067321777344,73.51280975341797,38.66666793823242,71.91400527954102,1.022232171155843,4,44.16998387896825,87.76285434087599,2 min,2
2-4,12,95.15628814697266,60.454105377197266,39.33333206176758,55.82295608520508,1.0829613767662798,6,44.36805555555556,74.69846878186316,2 min,2
2-4,13,93.63209533691406,43.21500015258789,39.0,54.63209533691406,0.7910185374747687,5,48.32948908730159,99.92489495136842,2 min,2
3-1,1,70.54281616210938,38.06949234008789,35.33333206176758,35.2094841003418,1.0812283483505607,6,54.46971106150794,139.0395868502747,5 min,5
3-1,2,73.47425079345703,33.78924560546875,35.33333206176758,38.14091873168945,0.8859053931858986,5,42.98155381944445,130.87924992452494,5 min,5
3-1,3,80.36568450927734,43.79180908203125,35.33333206176758,45.032352447509766,0.9724521749796547,6,41.198908730158735,109.41913310536573,5 min,5
3-1,4,64.33488464355469,29.435956954956055,35.66666793823242,28.668216705322266,1.0267801885804517,7,36.04904513888889,95.33470543063417,5 min,5
3-1,5,69.73922729492188,31.974910736083984,35.33333206176758,34.4058952331543,0.9293439545578874,8,31.295324900793652,42.72407169298791,5 min,5
3-1,6,66.66291046142578,28.324016571044922,35.33333206176758,31.329578399658203,0.9040663174501553,6,42.387338789682545,110.8314991117455,5 min,5
3-1,7,61.17601776123047,20.679574966430664,35.66666793823242,25.509349822998047,0.8106664854228044,7,37.435546875,110.32147805388614,5 min,5
3-1,8,90.37752532958984,72.08576202392578,35.33333206176758,55.044193267822266,1.309597938390818,6,39.02012028769842,95.88395887755965,5 min,5
3-1,9,73.58283996582031,30.107812881469727,35.33333206176758,38.249507904052734,0.7871424897019302,5,41.39698040674603,88.54750212219808,5 min,5
3-1,10,80.86823272705078,45.50531005859375,35.33333206176758,45.5349006652832,0.9993501554575255,6,43.575768849206355,117.93256153271042,5 min,5
3-2,1,67.81854248046875,39.20392990112305,33.66666793823242,34.15187454223633,1.1479290793434702,4,52.09285094246032,130.87924992452494,5 min,5
3-2,2,61.38046646118164,23.666215896606445,33.66666793823242,27.71379852294922,0.8539506367923165,4,34.66254340277778,93.64771270079169,5 min,5
3-2,3,63.12154006958008,31.29006004333496,34.33333206176758,28.7882080078125,1.0869054452727143,5,39.614335317460316,65.00806868253532,5 min,5
3-2,4,72.19104766845703,46.52659225463867,34.0,38.19104766845703,1.2182591234088134,6,37.633618551587304,105.53512658782138,5 min,5
3-2,5,69.10723876953125,44.967628479003906,34.0,35.10723876953125,1.2808648602131096,6,43.37769717261905,112.91081573224903,5 min,5
3-2,6,59.72219467163086,32.91353225708008,34.33333206176758,25.38886260986328,1.2963767917785158,7,35.85097346230159,90.66605113176773,5 min,5
3-2,7,68.3366928100586,27.324377059936523,33.66666793823242,34.67002487182617,0.7881268375478171,4,39.614335317460316,82.30955226068745,5 min,5
3-2,8,58.36705017089844,19.754425048828125,34.33333206176758,24.03371810913086,0.8219462739443153,5,37.633618551587304,92.31381147254413,5 min,5
3-2,9,44.67388916015625,11.569786071777344,35.0,9.67388916015625,1.1959808387540458,10,15.647662450396826,17.262251189086022,5 min,5
3-2,10,129.32302856445312,117.33352661132812,34.66666793823242,94.6563606262207,1.2395736095818757,8,28.52232142857143,31.582073198214204,5 min,5
3-2,11,88.50421142578125,58.409812927246094,33.66666793823242,54.83754348754883,1.0651427692144593,4,40.20855034722222,102.94578890945847,5 min,5
3-2,12,57.20951461791992,26.18587875366211,33.66666793823242,23.5428466796875,1.1122647617739017,4,51.10249255952381,166.42379441841572,5 min,5
3-3,1,68.91956329345703,36.510047912597656,35.33333206176758,33.58623123168945,1.0870540270129954,11,59.22343129960318,223.19306139706907,5 min,5
3-3,2,57.352699279785156,24.393714904785156,35.33333206176758,22.019367218017578,1.1078299691021432,10,95.47054811507937,244.33931910369944,5 min,5
3-3,3,65.76294708251953,32.919830322265625,35.33333206176758,30.429615020751953,1.0818352548928216,12,87.5476810515873,373.02155524052256,5 min,5
3-3,4,70.30317687988281,29.968536376953125,34.66666793823242,35.63650894165039,0.8409503979759143,15,66.94822668650794,221.46683627816046,5 min,5
3-3,5,77.2007827758789,48.015350341796875,35.66666793823242,41.534114837646484,1.1560460727160076,4,45.35841393849206,131.86005965117755,5 min,5
3-3,6,68.1480941772461,35.907230377197266,35.66666793823242,32.48142623901367,1.1054696340294576,4,38.42590525793651,61.94794233537917,5 min,5
3-3,7,116.75556945800781,100.61019134521484,35.66666793823242,81.08890151977539,1.2407393547029213,4,32.87989831349206,70.38290598459166,5 min,5
3-3,8,64.86333465576172,30.003286361694336,35.66666793823242,29.196666717529297,1.027627114148642,4,47.735274057539684,91.76455802561865,5 min,5
3-3,9,83.39591217041016,47.72051239013672,35.66666793823242,47.729244232177734,0.9998170546761952,7,52.09285094246032,172.07325844393478,5 min,5
3-3,10,58.07021713256836,26.685842514038086,35.33333206176758,22.73688507080078,1.1736806704586216,10,98.04547991071429,282.08087738529207,5 min,5
3-3,11,63.84172821044922,26.558433532714844,35.33333206176758,28.50839614868164,0.9316004097250146,8,73.2865203373016,176.03572973961136,5 min,5
3-3,12,91.11473846435547,52.49528503417969,36.0,55.11473846435547,0.9524727232105099,6,32.08761160714286,61.71254800098254,5 min,5
3-3,13,83.8606185913086,47.75519561767578,35.66666793823242,48.19395065307617,0.9908960558440464,4,64.57136656746032,181.88135571046092,5 min,5
3-3,14,59.78760528564453,20.741619110107422,35.33333206176758,24.454273223876953,0.8481797402122535,8,45.160342261904766,126.44598996005513,5 min,5
3-3,15,68.94503021240234,29.646839141845703,36.0,32.945030212402344,0.8998880544563891,3,36.04904513888889,99.45410628257517,5 min,5
3-4,1,51.74249267578125,22.317289352416992,34.66666793823242,17.075824737548828,1.3069523548893345,5,49.7159908234127,188.19777035010378,5 min,5
3-4,2,67.06453704833984,25.270078659057617,35.66666793823242,31.397869110107422,0.8048341933791557,10,51.49863591269842,172.34788516739752,5 min,5
3-4,3,97.3393325805664,85.00968170166016,35.0,62.339332580566406,1.3636604400888466,3,46.54684399801587,150.8877683482383,5 min,5
3-4,4,74.91283416748047,35.70374298095703,34.66666793823242,40.24616622924805,0.8871340136494813,6,36.04904513888889,98.0809726652615,5 min,5
3-4,5,82.3022232055664,62.244598388671875,35.66666793823242,46.635555267333984,1.3347026326128315,10,61.9964347718254,209.54019000206466,5 min,5
3-4,6,80.65534973144531,38.28667449951172,34.66666793823242,45.98868179321289,0.8325238516656537,6,38.62397693452381,87.9197838971404,5 min,5
3-4,7,84.52973175048828,44.22258377075195,34.66666793823242,49.86306381225586,0.8868805963720678,6,39.218191964285715,96.62937426981563,5 min,5
3-4,8,87.32648468017578,50.50537109375,35.0,52.32648468017578,0.9651970966986108,4,38.22783358134921,98.74792327938528,5 min,5
3-4,9,108.98600006103516,78.05517578125,34.66666793823242,74.31933212280273,1.050267454668111,5,40.20855034722222,98.43406416685644,5 min,5
3-4,10,91.85595703125,60.56916809082031,34.66666793823242,57.18928909301758,1.0590998603305841,5,74.4749503968254,274.9013501861949,5 min,5
3-4,11,75.05560302734375,38.85826873779297,34.66666793823242,40.38893508911133,0.9621018393294796,7,43.37769717261905,103.80890146891278,5 min,5
3-4,12,71.70575714111328,39.273162841796875,34.66666793823242,37.03908920288086,1.0603166461971816,5,56.25235615079365,82.58417898415018,5 min,5
3-4,13,66.10059356689453,31.142772674560547,35.33333206176758,30.767261505126953,1.0122048941330388,9,34.86061507936508,91.52916369122204,5 min,5
3-5,1,66.38542175292969,32.76530075073242,34.0,32.38542175292969,1.011729938263607,10,58.43114459325397,158.73424616145923,5 min,5
3-5,2,68.10906982421875,32.70310592651367,34.33333206176758,33.77573776245117,0.9682425342273365,6,83.98239087301587,236.2574469560819,5 min,5
3-5,3,68.5009765625,34.87819290161133,34.33333206176758,34.16764450073242,1.020795943392108,6,91.90525793650794,315.0360842008199,5 min,5
3-5,4,55.94244384765625,18.927457809448242,34.33333206176758,21.609111785888672,0.8759017028089224,6,51.300564236111114,196.71119877744846,5 min,5
3-5,5,65.66370391845703,31.87885856628418,34.33333206176758,31.330371856689453,1.0175065496223155,6,32.48375496031746,68.97053997821189,5 min,5
3-5,6,57.627750396728516,22.15909767150879,34.66666793823242,22.961082458496094,0.9650719956937155,4,31.889539930555557,63.75263223241998,5 min,5
3-5,7,59.972721099853516,31.040103912353516,34.33333206176758,25.639389038085938,1.2106413248086803,9,69.52315848214286,304.3648743748395,5 min,5
3-5,8,105.21653747558594,72.321044921875,35.0,70.21653747558594,1.0299716779258845,2,21.391741071428573,17.850737025077592,5 min,5
3-5,9,71.70853424072266,35.75020980834961,34.33333206176758,37.37520217895508,0.9565221784533795,7,47.93334573412699,156.34107042842683,5 min,5
3-5,10,119.77108001708984,87.03714752197266,34.33333206176758,85.43774795532227,1.0187200576434523,6,33.07796999007937,78.30784857594479,5 min,5
3-5,11,76.9085922241211,38.69475173950195,34.33333206176758,42.575260162353516,0.908855320952734,6,38.62397693452381,85.84046727663687,5 min,5
3-5,12,64.72427368164062,29.079004287719727,34.66666793823242,30.057605743408203,0.9674424681712019,5,47.93334573412699,147.82764200108213,5 min,5
3-5,13,65.1069107055664,30.877424240112305,34.33333206176758,30.773578643798828,1.0033745050426368,7,46.54684399801587,100.86647228895492,5 min,5
3-5,14,74.52462768554688,41.88221740722656,34.33333206176758,40.1912956237793,1.0420718406113494,6,90.71682787698413,253.95125442489507,5 min,5
3-5,15,85.18515014648438,42.35411071777344,34.33333206176758,50.8518180847168,0.8328927521767939,6,40.80276537698413,96.393979935419,5 min,5
3-6,1,58.10758972167969,27.053794860839844,35.66666793823242,22.440921783447266,1.205556310115349,10,53.28128100198413,188.90395335329364,5 min,5
3-6,2,84.89746856689453,54.641178131103516,35.66666793823242,49.23080062866211,1.1098982229285845,8,48.52756076388889,152.92785257967574,5 min,5
3-6,3,72.5610580444336,42.995418548583984,35.66666793823242,36.89439010620117,1.165364664514602,8,52.29092261904762,47.90274704971372,5 min,5
3-6,4,92.36344146728516,69.48628234863281,35.66666793823242,56.696773529052734,1.2255773657565618,9,72.69230530753968,161.0489571163594,5 min,5
3-6,5,58.48163604736328,29.215848922729492,35.33333206176758,23.148303985595703,1.2621161766714912,4,19.212952628968257,17.693807468813176,5 min,5
3-6,6,62.14257049560547,26.619123458862305,35.66666793823242,26.475902557373047,1.0054094813643804,8,50.31020585317461,186.6284747874596,5 min,5
3-6,7,83.30484771728516,46.247100830078125,36.0,47.304847717285156,0.9776397781992958,6,35.256758432539684,78.4647781322092,5 min,5
3-6,8,58.251739501953125,26.201248168945312,35.66666793823242,22.585071563720703,1.1601135774585465,9,84.37853422619048,250.7341985214745,5 min,5
3-6,9,89.5040512084961,46.33579635620117,36.33333206176758,53.170719146728516,0.8714532566003881,7,26.937748015873016,22.244764600481307,5 min,5
3-6,10,81.82373046875,46.176734924316406,36.0,45.82373046875,1.0077035294148988,6,40.80276537698413,86.1150940000996,5 min,5
3-6,11,113.85385131835938,76.42752838134766,36.33333206176758,77.5205192565918,0.9859006249477463,7,38.822048611111114,109.81145699602678,5 min,5
3-6,12,60.22711181640625,32.72646713256836,35.66666793823242,24.560443878173828,1.3324867944121908,8,87.15153769841271,300.1670087447663,5 min,5
3-6,13,71.90196990966797,54.341190338134766,36.0,35.90196990966797,1.5135991277041692,6,52.488994295634924,185.17687639201372,5 min,5
3-6,14,84.22541809082031,49.772457122802734,35.33333206176758,48.892086029052734,1.0180064130057136,4,47.735274057539684,155.83104937056748,5 min,5
3-6,15,66.95630645751953,31.487592697143555,36.33333206176758,30.622974395751953,1.0282343018094136,7,48.32948908730159,90.78374829896605,5 min,5
3-6,16,77.75601196289062,56.5166015625,35.0,42.756011962890625,1.3218398762623758,18,52.29092261904762,112.91081573224903,5 min,5
3-6,17,103.62146759033203,67.15518188476562,36.33333206176758,67.28813552856445,0.9980241146116705,7,36.841331845238095,73.01147605202065,5 min,5
5-1,1,67.95161437988281,30.92947006225586,40.66666793823242,27.28494644165039,1.1335726873570884,8,52.68706597222223,204.5969089797355,10 min,10
5-1,2,69.64791107177734,27.923320770263672,40.66666793823242,28.981243133544922,0.9634963083396262,9,53.08320932539683,107.4967460411266,10 min,10
5-1,3,51.47306823730469,16.81584358215332,40.0,11.473068237304688,1.4656797322512731,11,37.435546875,90.94067785523046,10 min,10
5-1,4,58.55233383178711,17.721879959106445,40.66666793823242,17.885665893554688,0.9908426146712679,9,37.83169022817461,106.39823914727567,10 min,10
5-1,5,84.6808090209961,28.40627670288086,40.66666793823242,44.01414108276367,0.6453897771051815,6,33.67218501984127,86.8997417814217,10 min,10
5-1,6,91.73363494873047,33.99372482299805,41.0,50.73363494873047,0.67004315494742,3,44.76419890873016,69.32363147980683,10 min,10
5-1,7,68.92762756347656,28.32639503479004,40.33333206176758,28.594295501708984,0.9906309820816207,7,52.488994295634924,165.99223813868858,10 min,10
5-1,8,65.88665008544922,22.882911682128906,40.33333206176758,25.55331802368164,0.8954966889592215,7,43.77384052579365,129.81997541974013,10 min,10
5-1,9,62.644412994384766,28.222244262695312,40.66666793823242,21.977745056152344,1.2841282938986005,8,57.83692956349206,170.15087137969564,10 min,10
5-1,10,70.65181732177734,31.474531173706055,40.66666793823242,29.985149383544922,1.0496706476632884,8,41.595052083333336,118.79567409216473,10 min,10
5-2,1,55.80369567871094,19.336767196655273,34.0,21.803695678710938,0.886857323712128,5,81.80360243055556,431.0854910583574,10 min,10
5-2,2,53.19248580932617,21.80418586730957,33.0,20.192485809326172,1.0798168226142326,8,72.29616195436509,183.48988366217122,10 min,10
5-2,3,125.1156997680664,148.27928161621094,34.0,91.1156997680664,1.62737357001761,5,41.99119543650794,79.72021458232454,10 min,10
5-2,4,61.00972366333008,29.14284896850586,34.0,27.009723663330078,1.0789761987854705,5,53.08320932539683,180.31206014781674,10 min,10
5-2,5,142.27786254882812,215.0489959716797,33.66666793823242,108.6111946105957,1.979989233547205,4,20.203311011904763,17.772272246945384,10 min,10
5-2,6,87.43878936767578,73.41747283935547,33.33333206176758,54.1054573059082,1.3569328584408515,3,39.81240699404762,111.02766105707602,10 min,10
5-2,7,67.12964630126953,36.18971633911133,34.0,33.12964630126953,1.0923665169864651,5,70.90966021825398,261.8761970162482,10 min,10
5-2,8,64.48147583007812,36.69029998779297,33.0,31.481475830078125,1.1654567970647112,7,44.16998387896825,134.25323538420994,10 min,10
5-2,9,67.65119934082031,38.61443328857422,33.33333206176758,34.317867279052734,1.1251990974434494,3,38.029761904761905,102.16114112813638,10 min,10
5-2,10,73.80728912353516,29.71570587158203,33.66666793823242,40.140621185302734,0.7402901348836692,6,52.09285094246032,160.5389360585,10 min,10
5-2,11,48.419097900390625,14.297351837158203,33.0,15.419097900390625,0.9272495660589843,7,51.49863591269842,167.1692098106717,10 min,10
5-3,1,66.42024230957031,22.58248519897461,38.66666793823242,27.75357437133789,0.8136784436060369,4,30.89918154761905,66.02811079825405,10 min,10
5-3,2,59.640106201171875,22.20772361755371,37.66666793823242,21.973438262939453,1.0106622073346347,11,48.13141741071429,172.97560339245518,10 min,10
5-3,3,67.96148681640625,25.8083553314209,38.66666793823242,29.294818878173828,0.8809870250008431,8,65.56172495039682,143.4728468147445,10 min,10
5-3,4,57.93355178833008,20.051345825195312,38.66666793823242,19.266883850097656,1.0407155605027265,8,44.36805555555556,132.9977989340946,10 min,10
5-3,5,71.08706665039062,35.14161682128906,38.66666793823242,32.4203987121582,1.08393536838615,8,36.841331845238095,97.2963248839394,10 min,10
5-3,6,70.0782470703125,27.357322692871094,38.66666793823242,31.411579132080078,0.8709311486009169,8,50.70634920634921,130.95771470265714,10 min,10
5-3,7,69.70004272460938,32.34230041503906,38.33333206176758,31.366710662841797,1.0311027114919318,6,37.2374751984127,98.59099372312086,10 min,10
5-4,1,75.15023040771484,54.448951721191406,38.66666793823242,36.48356246948242,1.49242420519478,4,44.76419890873016,81.44643970123315,10 min,10
5-4,2,78.00601196289062,62.078369140625,38.33333206176758,39.67267990112305,1.5647636936890592,7,80.02095734126985,258.69837350189374,10 min,10
5-4,3,88.13789367675781,54.4974479675293,37.0,51.13789367675781,1.0656959848993233,10,45.75455729166667,139.51037551906796,10 min,10
5-4,4,84.08064270019531,45.17356491088867,37.0,47.08064270019531,0.9594933781713492,10,34.26640004960318,61.67331561191643,10 min,10
5-4,5,72.97026062011719,29.111478805541992,38.66666793823242,34.303592681884766,0.8486422712486131,5,49.5179191468254,151.43702179516376,10 min,10
5-4,6,68.08523559570312,29.446277618408203,38.66666793823242,29.418567657470703,1.0009419208052592,6,57.242714533730165,224.01694156745728,10 min,10
5-5,1,71.36886596679688,33.62653732299805,36.0,35.368865966796875,0.9507383514802406,10,65.75979662698413,160.81356278196276,10 min,10
5-5,2,66.74030303955078,30.499101638793945,36.0,30.74030303955078,0.992153577651902,11,46.94298735119048,145.12060715552093,10 min,10
5-5,3,84.46038818359375,48.74972152709961,37.0,47.46038818359375,1.027166514915939,6,45.160342261904766,139.43191074093576,10 min,10
5-5,4,63.296756744384766,28.059114456176758,36.0,27.296756744384766,1.0279285088309553,12,69.32508680555556,311.42670440673834,10 min,10
5-5,5,108.21696472167969,62.933292388916016,36.66666793823242,71.55029678344727,0.8795671746741833,7,46.94298735119048,141.35429780517487,10 min,10
5-5,6,76.0946273803711,32.35694885253906,37.0,39.094627380371094,0.8276571749289793,6,39.81240699404762,121.9342652174531,10 min,10
5-5,7,89.342529296875,44.45370101928711,37.0,52.342529296875,0.8492845419669302,5,54.27163938492064,120.2080400985445,10 min,10
5-5,8,61.94121170043945,30.955209732055664,36.0,25.941211700439453,1.1932831083419002,10,49.9140625,108.59525293497754,10 min,10
5-5,9,47.684234619140625,10.595257759094238,37.33333206176758,10.350902557373047,1.0236071396061144,4,33.87025669642858,88.11594584247094,10 min,10
5-5,10,76.59549713134766,37.74175262451172,36.66666793823242,39.928829193115234,0.9452256273775084,7,33.67218501984127,83.5257563217367,10 min,10
5-5,11,71.63201141357422,34.77754211425781,36.33333206176758,35.29867935180664,0.9852363531123961,8,22.580171130952383,24.598707944447586,10 min,10
6-1,1,69.99891662597656,25.0939998626709,35.66666793823242,34.33224868774414,0.7309162907126705,7,45.95262896825397,160.4604712803678,30 min,30
6-1,2,72.19718170166016,34.98337173461914,35.66666793823242,36.530513763427734,0.957647953192558,8,77.64409722222223,213.62035846493956,30 min,30
6-1,3,55.13346862792969,21.177841186523438,35.33333206176758,19.80013656616211,1.0695805615157112,12,86.3592509920635,319.0770202746287,30 min,30
6-1,4,77.11097717285156,41.541866302490234,35.66666793823242,41.44430923461914,1.002353931569201,9,40.20855034722222,120.79652593453606,30 min,30
6-1,5,73.891357421875,41.15131759643555,35.66666793823242,38.22468948364258,1.07656381653657,9,35.05868675595238,65.635786907593,30 min,30
6-1,6,85.63648986816406,40.93895721435547,35.33333206176758,50.303157806396484,0.8138446769468959,12,6.14022197420635,3.099358736222263,30 min,30
6-1,7,61.05887222290039,26.908464431762695,36.0,25.05887222290039,1.0738098742996116,5,48.72563244047619,164.26601301977996,30 min,30
6-2,1,78.4349594116211,56.856815338134766,36.0,42.434959411621094,1.3398578937385328,9,95.07440476190477,435.36182146656273,30 min,30
6-2,2,96.21778106689453,67.9729232788086,36.0,60.21778106689453,1.1287849215715713,8,52.09285094246032,198.16279717289433,30 min,30
6-2,3,81.60430145263672,38.28074645996094,37.0,44.60430145263672,0.8582299288020354,6,46.54684399801587,123.6604903363617,30 min,30
6-2,4,64.65359497070312,26.236589431762695,36.66666793823242,27.986927032470703,0.9374587428381383,5,43.575768849206355,143.04129053501737,30 min,30
6-2,5,65.9853286743164,27.819576263427734,36.66666793823242,29.318660736083984,0.9488692718214359,5,44.56612723214286,147.5922476666855,30 min,30
6-3,1,72.61885070800781,49.83940887451172,35.0,37.61885070800781,1.324851980762468,4,51.300564236111114,112.95004812131515,30 min,30
6-3,2,62.08889389038086,25.090009689331055,34.33333206176758,27.75556182861328,0.9039633153260727,9,67.34437003968254,333.55377184002134,30 min,30
6-3,3,86.54113006591797,53.87705612182617,35.0,51.54113006591797,1.0453215917641057,3,43.971912202380956,100.94493706708714,30 min,30
6-3,4,52.29633331298828,17.08574104309082,34.66666793823242,17.62966537475586,0.9691472118101634,5,46.15070064484127,159.4796615537152,30 min,30
6-3,5,57.562252044677734,23.723033905029297,34.33333206176758,23.228919982910156,1.0212714978777604,6,76.45566716269842,249.8318535729541,30 min,30
6-3,6,78.80105590820312,43.8280029296875,34.33333206176758,44.46772384643555,0.9856138146634792,6,55.46006944444445,166.4630268074818,30 min,30
6-3,7,69.3742446899414,32.83204650878906,34.66666793823242,34.707576751708984,0.9459619363132987,7,45.160342261904766,136.33255200471348,30 min,30
6-4,1,71.03270721435547,21.614238739013672,33.66666793823242,37.36603927612305,0.5784460745034115,5,35.652901785714285,80.9756510324399,30 min,30
6-4,2,73.44058990478516,35.6590576171875,33.66666793823242,39.773921966552734,0.8965436611248555,5,85.17082093253968,288.6719187483977,30 min,30
6-4,3,70.806884765625,34.83607864379883,33.66666793823242,37.14021682739258,0.9379611003806971,5,42.58541046626984,129.30995436188076,30 min,30
6-4,4,81.44881439208984,45.97938537597656,33.66666793823242,47.78214645385742,0.9622712412130384,5,44.16998387896825,135.11634794366424,30 min,30
6-4,5,83.23970794677734,52.4307746887207,33.66666793823242,49.57304000854492,1.0576469524500252,6,42.58541046626984,109.34066832723352,30 min,30
6-4,6,69.24364471435547,34.2603759765625,33.66666793823242,35.57697677612305,0.9629928982486178,7,42.98155381944445,100.86647228895492,30 min,30
6-4,7,86.60713195800781,51.95514678955078,33.66666793823242,52.94046401977539,0.9813882018514882,5,62.392578125,155.79181698150137,30 min,30
6-4,8,69.1156997680664,29.421537399291992,33.66666793823242,35.449031829833984,0.8299673046227107,6,39.81240699404762,119.26646276095798,30 min,30
6-4,9,75.3455810546875,31.132488250732422,33.66666793823242,41.67891311645508,0.7469601753708192,6,46.94298735119048,140.0203965769273,30 min,30
6-5,1,66.25308990478516,35.4097900390625,33.0,33.253089904785156,1.064857134794171,10,53.87549603174603,209.14786611140363,30 min,30
6-5,2,76.79435729980469,55.37464141845703,33.33333206176758,43.46102523803711,1.274121839399065,3,74.4749503968254,118.79567409216473,30 min,30
6-5,3,46.56014633178711,15.183045387268066,32.66666793823242,13.893478393554688,1.0928181523146587,5,54.27163938492064,222.21225167041646,30 min,30
6-5,4,63.5860595703125,44.952083587646484,33.0,30.5860595703125,1.4696918864069028,4,51.300564236111114,119.73725142975124,30 min,30
6-5,5,58.503108978271484,29.670547485351562,33.0,25.503108978271484,1.1634090381149496,15,48.923704117063494,132.01698920744198,30 min,30
6-5,6,55.39242935180664,22.07472038269043,32.66666793823242,22.72576141357422,0.9713522896313204,6,39.218191964285715,108.94834443657247,30 min,30
6-5,7,67.98589324951172,37.39900588989258,32.66666793823242,35.3192253112793,1.058885226396772,6,74.2768787202381,197.80970567129938,30 min,30
6-5,8,92.59659576416016,48.46369552612305,33.0,59.596595764160156,0.813195701947591,8,40.20855034722222,102.39653546253301,30 min,30
6-5,9,65.89385986328125,28.573331832885742,33.0,32.89385986328125,0.8686524461296673,8,36.24711681547619,97.06093054954277,30 min,30
